Workbook

Sheet Sheet1
B1: Assignment sheet for MP1 Wind Power course 2026
H2: Input parameters:
C3: Födelse dat | D3: 4 dig | H3: k-factor | I3: Avg U10 | J3: Rough- | K3: Down- | L3: DiaT | M3: Hh | N3: Cp [-] | O3: Efficiency | P3: Zo | Q3: Nz Wind | R3: Rat.wind speed | S3: Cut out | T3: Rat.Pow | U3: Cut-In | V3: Generated | W3: AvgPow | X3: FullLh | Y3: AeroD Ld | Z3: Solidity | AA3: Storm load | AB3: Wall t Op | AC3: Wall t Storm | AE3: Klar?
H4: Weibull dist | I4: i.e @10 m | J4: ness | K4: time | L4: Diameter | M4: Height | N4: Capture | O4: drivetrain | Q4: Wind at Nacell | Y4: tower | AD4: Rättat i
B5: Student: \ Unit: | E5: Year | F5: Month | G5: Day | H5: [-] | I5: [m/s] | J5: [mm] | K5: [%] | L5: [m] | M5: [m] | N5: efficiency | O5: [-] | P5: [m] | Q5: [m/s] | R5: [m/s] | S5: [m/s] | T5: [kW] | U5: [m/s] | V5: [MWh] | W5: [kW] | X5: [h] | Y5: [kN] | Z5: [%] | AA5: @60 [kN] | AB5: [mm] | AC5: [mm] | AD5: Studium
B6: Hans Bernhoff | C6: 19990315 | D6: 1234 | E6: 1999 | F6: 5 | G6: 3 | H6: =INT(11+F6)/10 -> 1.6 | I6: =INT((6+G6/10)*10)/10-M6/50 -> 5.42 | J6: =F6*G6 -> 15 | K6: =ABS(2000-E6)+1 -> 2 | L6: =INT(31.9+INT(D6/100)/2) -> 37 | M6: =INT(L6*1.2) -> 44 | N6: =0.54-F6/100 -> 0.49 | O6: =0.94-((D6-INT(D6/100)*100))/400 -> 0.855 | P6: =J6/1000 -> 0.015 | Q6: =I6*LOG(M6/P6)/LOG(10/P6) -> 6.6549951 | R6: 11 | S6: 18 | T6: 374.7258 | U6: 2.3698782 | V6: 1019.7695 | W6: 116.41205 | X6: 2721 | Y6: 69.386891 | Z6: 3 | AA6: 104.51042 | AB6: 10.039333 | AC6: 15.121227
E7: =INT(C7/10000) -> 0 | F7: =INT((C7-E7*10000)/100) -> 0 | G7: =INT(C7-E7*10000-F7*100) -> 0 | H7: =INT(11+F7)/10 -> 1.1 | I7: =INT((6+G7/10)*10)/10-M7/50 -> 5.26 | J7: =F7*G7 -> 0 | K7: =ABS(2000-E7)+1 -> 2001 | L7: =INT(31.9+INT(D7/100)/2) -> 31 | M7: =INT(L7*1.2) -> 37 | N7: =0.54-F7/100 -> 0.54 | O7: =0.94-((D7-INT(D7/100)*100))/400 -> 0.94 | P7: =J7/1000 -> 0 | Q7: =I7*LOG(M7/P7)/LOG(10/P7) -> #DIV/0!
E8: =INT(C8/10000) -> 0 | F8: =INT((C8-E8*10000)/100) -> 0 | G8: =INT(C8-E8*10000-F8*100) -> 0 | H8: =INT(11+F8)/10 -> 1.1 | I8: =INT((6+G8/10)*10)/10-M8/50 -> 5.26 | J8: =F8*G8 -> 0 | K8: =ABS(2000-E8)+1 -> 2001 | L8: =INT(31.9+INT(D8/100)/2) -> 31 | M8: =INT(L8*1.2) -> 37 | N8: =0.54-F8/100 -> 0.54 | O8: =0.94-((D8-INT(D8/100)*100))/400 -> 0.94 | P8: =J8/1000 -> 0 | Q8: =I8*LOG(M8/P8)/LOG(10/P8) -> #DIV/0!
E9: =INT(C9/10000) -> 0 | F9: =INT((C9-E9*10000)/100) -> 0 | G9: =INT(C9-E9*10000-F9*100) -> 0 | H9: =INT(11+F9)/10 -> 1.1 | I9: =INT((6+G9/10)*10)/10-M9/50 -> 5.26 | J9: =F9*G9 -> 0 | K9: =ABS(2000-E9)+1 -> 2001 | L9: =INT(31.9+INT(D9/100)/2) -> 31 | M9: =INT(L9*1.2) -> 37 | N9: =0.54-F9/100 -> 0.54 | O9: =0.94-((D9-INT(D9/100)*100))/400 -> 0.94 | P9: =J9/1000 -> 0 | Q9: =I9*LOG(M9/P9)/LOG(10/P9) -> #DIV/0!
E10: =INT(C10/10000) -> 0 | F10: =INT((C10-E10*10000)/100) -> 0 | G10: =INT(C10-E10*10000-F10*100) -> 0 | H10: =INT(11+F10)/10 -> 1.1 | I10: =INT((6+G10/10)*10)/10-M10/50 -> 5.26 | J10: =F10*G10 -> 0 | K10: =ABS(2000-E10)+1 -> 2001 | L10: =INT(31.9+INT(D10/100)/2) -> 31 | M10: =INT(L10*1.2) -> 37 | N10: =0.54-F10/100 -> 0.54 | O10: =0.94-((D10-INT(D10/100)*100))/400 -> 0.94 | P10: =J10/1000 -> 0 | Q10: =I10*LOG(M10/P10)/LOG(10/P10) -> #DIV/0!
H13: k-factor | I13: avg U10 | J13: Roughness | K13: Downtime | L13: DiaT | M13: Hh | N13: Cp | O13: Äta | P13: Zo | Q13: Nz Wind | R13: Rat.wind speed | S13: Cut out | T13: Rated Pow | V13: GenE | W13: AvgP | X13: FLh | Y13: AeroD Load Tower | Z13: Solidity | AA13: Storm load | AB13: Wall t Op | AC13: Wall t Storm
H14: 1.6 | I14: 5.42 | J14: 15 | K14: 2 | L14: 37 | M14: 44 | N14: 0.49 | O14: 0.855 | P14: =J14/1000 -> 0.015 | Q14: =I14*LOG(M14/P14)/LOG(10/P14) -> 6.6549951 | R14: ='Weibul (2)'!B2 -> 11 | S14: ='Weibul (2)'!B3 -> 18 | T14: =1.25/2*R14^3*PI()/4*L14^2*N14*O14/1000 -> 374.7258 | U14: =R14*(0.01)^(1/3) -> 2.3698782 | V14: ='Weibul (2)'!L66 -> 1019.7695 | W14: =V14/8.76 -> 116.41205 | X14: =INT(V14/T14*1000) -> 2721 | Y14: =1/2*1.2*8/9*PI()/4*L14^2/1000*R14^2 -> 69.386891 | Z14: 3 | AA14: =1/2*1.2*1.5*Z14/100*PI()*L14^2/4*60^2/1000 -> 104.51042 | AB14: =Y14*M14/(PI()*(M14/40)^2*160)*2 -> 10.039333 | AC14: =AA14*M14/(PI()*(M14/40)^2*160)*2 -> 15.121227
V15: MWh | W15: kW | X15: h
B16: Grönt namn = presentation godkänd
B17: Avbokad eller NO-Show
B18: Blått nam = pres U | AA18: §

Sheet Weibul (2)
A2: Rated | B2: =J65 -> 11 | C2: Param k | D2: =Sheet1!H14 -> 1.6 | G2: Down time | H2: =Sheet1!K14 -> 2 | I2: Weibul distribution med parameter k och c | N2: P(u)=k/c*(u/c)^(k-1)*Exp(-(u/c)^k) | U2: Elevation correction
A3: Cut out | B3: =K65 -> 18 | C3: AVG V= | D3: =Sheet1!Q14 -> 6.6549951 | E3: Availb: | F3: =(100-H2)/100 -> 0.98 | I3: Där c kan bestämmas från medelvind w: | N3: c=w*(0,568+0,433/k)^(-1/k) | U3: Elev in wind data | V3: 10 | W3: m | Y3: Hub height | Z3: 80 | AA3: [m]
A4: Cut in | B4: =INT(B2*(0.01)^(1/3)*10)/10 -> 2.3 | E4: Hours | F4: Avail. | G4: Energy/sqm | H4: Cum. Eng. | I4: c = | J4: =D3*(0.568+0.433/D2)^(-1/D2) -> 7.4287863 | L4: kWh | M4: E/m^2 | U4: Z0 | V4: 50 | W4: =V4/1000 -> 0.05 | Y4: U corr fact | Z4: =LN(Z3/W4)/LN(V3/W4) -> 1.3924721
A5: Dia | B5: =Sheet1!L14 -> 37 | C5: Wind | D5: Dist | E5: h/year | F5: h/year | G5: kWh/m2 | H5: kWh/m2 | J5: Rated | L5: Energy Gen | M5: kWh/m2
A6: Äta*Cp | B6: =Sheet1!N14*Sheet1!O14 -> 0.41895 | C6: 1 | D6: =D$2/J$4*(C6/J$4)^(D$2-1)/EXP((C6/J$4)^D$2) -> 0.062101178 | E6: =D6*8760 -> 544.00632 | F6: =D6*8760*$F$3 -> 533.1262 | G6: =0.62*C6^3*E6/1000 -> 0.33728392 | H6: =G6 -> 0.33728392 | I6: =IF(H6<$G$67,H6,I5) -> 0.33728392 | L6: =IF(C6>$B$4,G6*$B$5*$B$6,0) -> 0 | M6: =L6/($B$5^2*PI()/4) -> 0
A7: Rated Pow | B7: =0.62*$B$2^3*B5^2*PI()/4*B6/1000 -> 371.72799 | C7: =C6+1 -> 2 | D7: =D$2/J$4*(C7/J$4)^(D$2-1)/EXP((C7/J$4)^D$2) -> 0.086708768 | E7: =D7*8760 -> 759.56881 | F7: =D7*8760*$F$3 -> 744.37744 | G7: =0.62*C7^3*E7/1000 -> 3.7674613 | H7: =H6+G7 -> 4.1047452 | I7: =IF(H6>$G$67,I6,H7) -> 4.1047452 | J7: =IF(I6>$G$67,J6,C7) -> 2 | K7: =IF(H6>$G$68,K6,C7) -> 2 | L7: =IF(C7>$B$4,IF(C7>$B$3,0,IF(C7>$B$2,$B$7*F7,G7*$B$5^2*PI()/4*$B$6)),0) -> 0 | M7: =L7/($B$5^2*PI()/4) -> 0 | U7: Zo correction
A8: Rated Pow | B8: =Sheet1!T14 -> 374.7258 | C8: =C7+1 -> 3 | D8: =D$2/J$4*(C8/J$4)^(D$2-1)/EXP((C8/J$4)^D$2) -> 0.098885604 | E8: =D8*8760 -> 866.23789 | F8: =D8*8760*$F$3 -> 848.91313 | G8: =0.62*C8^3*E8/1000 -> 14.500822 | H8: =H7+G8 -> 18.605568 | I8: =IF(H7>$G$67,I7,H8) -> 18.605568 | J8: =IF(I7>$G$67,J7,C8) -> 3 | K8: =IF(H7>$G$68,K7,C8) -> 3 | L8: =IF(C8>$B$4,IF(C8>$B$3,0,IF(C8>$B$2,$B$7*F8,G8*$B$5^2*PI()/4*$B$6)),0) -> 6532.0298 | M8: =L8/($B$5^2*PI()/4) -> 6.0751195
C9: =C8+1 -> 4 | D9: =D$2/J$4*(C9/J$4)^(D$2-1)/EXP((C9/J$4)^D$2) -> 0.10246978 | E9: =D9*8760 -> 897.63528 | F9: =D9*8760*$F$3 -> 879.68258 | G9: =0.62*C9^3*E9/1000 -> 35.618168 | H9: =H8+G9 -> 54.223736 | I9: =IF(H8>$G$67,I8,H9) -> 54.223736 | J9: =IF(I8>$G$67,J8,C9) -> 4 | K9: =IF(H8>$G$68,K8,C9) -> 4 | L9: =IF(C9>$B$4,IF(C9>$B$3,0,IF(C9>$B$2,$B$7*F9,G9*$B$5^2*PI()/4*$B$6)),0) -> 16044.534 | M9: =L9/($B$5^2*PI()/4) -> 14.922232
C10: =C9+1 -> 5 | D10: =D$2/J$4*(C10/J$4)^(D$2-1)/EXP((C10/J$4)^D$2) -> 0.09989301 | E10: =D10*8760 -> 875.06277 | F10: =D10*8760*$F$3 -> 857.56151 | G10: =0.62*C10^3*E10/1000 -> 67.817364 | H10: =H9+G10 -> 122.0411 | I10: =IF(H9>$G$67,I9,H10) -> 122.0411 | J10: =IF(I9>$G$67,J9,C10) -> 5 | K10: =IF(H9>$G$68,K9,C10) -> 5 | L10: =IF(C10>$B$4,IF(C10>$B$3,0,IF(C10>$B$2,$B$7*F10,G10*$B$5^2*PI()/4*$B$6)),0) -> 30548.96 | M10: =L10/($B$5^2*PI()/4) -> 28.412085
C11: =C10+1 -> 6 | D11: =D$2/J$4*(C11/J$4)^(D$2-1)/EXP((C11/J$4)^D$2) -> 0.093104203 | E11: =D11*8760 -> 815.59282 | F11: =D11*8760*$F$3 -> 799.28096 | G11: =0.62*C11^3*E11/1000 -> 109.22419 | H11: =H10+G11 -> 231.26529 | I11: =IF(H10>$G$67,I10,H11) -> 231.26529 | J11: =IF(I10>$G$67,J10,C11) -> 6 | K11: =IF(H10>$G$68,K10,C11) -> 6 | L11: =IF(C11>$B$4,IF(C11>$B$3,0,IF(C11>$B$2,$B$7*F11,G11*$B$5^2*PI()/4*$B$6)),0) -> 49201.049 | M11: =L11/($B$5^2*PI()/4) -> 45.759475
C12: =C11+1 -> 7 | D12: =D$2/J$4*(C12/J$4)^(D$2-1)/EXP((C12/J$4)^D$2) -> 0.083718887 | E12: =D12*8760 -> 733.37745 | F12: =D12*8760*$F$3 -> 718.7099 | G12: =0.62*C12^3*E12/1000 -> 155.96005 | H12: =H11+G12 -> 387.22534 | I12: =IF(H11>$G$67,I11,H12) -> 387.22534 | J12: =IF(I11>$G$67,J11,C12) -> 7 | K12: =IF(H11>$G$68,K11,C12) -> 7 | L12: =IF(C12>$B$4,IF(C12>$B$3,0,IF(C12>$B$2,$B$7*F12,G12*$B$5^2*PI()/4*$B$6)),0) -> 70253.649 | M12: =L12/($B$5^2*PI()/4) -> 65.339462
C13: =C12+1 -> 8 | D13: =D$2/J$4*(C13/J$4)^(D$2-1)/EXP((C13/J$4)^D$2) -> 0.073039994 | E13: =D13*8760 -> 639.83035 | F13: =D13*8760*$F$3 -> 627.03374 | G13: =0.62*C13^3*E13/1000 -> 203.10775 | H13: =H12+G13 -> 590.33309 | I13: =IF(H12>$G$67,I12,H13) -> 590.33309 | J13: =IF(I12>$G$67,J12,C13) -> 8 | K13: =IF(H12>$G$68,K12,C13) -> 8 | L13: =IF(C13>$B$4,IF(C13>$B$3,0,IF(C13>$B$2,$B$7*F13,G13*$B$5^2*PI()/4*$B$6)),0) -> 91491.766 | M13: =L13/($B$5^2*PI()/4) -> 85.09199
C14: =C13+1 -> 9 | D14: =D$2/J$4*(C14/J$4)^(D$2-1)/EXP((C14/J$4)^D$2) -> 0.062066152 | E14: =D14*8760 -> 543.69949 | F14: =D14*8760*$F$3 -> 532.8255 | G14: =0.62*C14^3*E14/1000 -> 245.7413 | H14: =H13+G14 -> 836.07438 | I14: =IF(H13>$G$67,I13,H14) -> 836.07438 | J14: =IF(I13>$G$67,J13,C14) -> 9 | K14: =IF(H13>$G$68,K13,C14) -> 9 | L14: =IF(C14>$B$4,IF(C14>$B$3,0,IF(C14>$B$2,$B$7*F14,G14*$B$5^2*PI()/4*$B$6)),0) -> 110696.44 | M14: =L14/($B$5^2*PI()/4) -> 102.95332
C15: =C14+1 -> 10 | D15: =D$2/J$4*(C15/J$4)^(D$2-1)/EXP((C15/J$4)^D$2) -> 0.051512331 | E15: =D15*8760 -> 451.24802 | F15: =D15*8760*$F$3 -> 442.22306 | G15: =0.62*C15^3*E15/1000 -> 279.77377 | H15: =H14+G15 -> 1115.8482 | I15: =IF(H14>$G$67,I14,H15) -> 1115.8482 | J15: =IF(I14>$G$67,J14,C15) -> 10 | K15: =IF(H14>$G$68,K14,C15) -> 10 | L15: =IF(C15>$B$4,IF(C15>$B$3,0,IF(C15>$B$2,$B$7*F15,G15*$B$5^2*PI()/4*$B$6)),0) -> 126026.69 | M15: =L15/($B$5^2*PI()/4) -> 117.21122
C16: =C15+1 -> 11 | D16: =D$2/J$4*(C16/J$4)^(D$2-1)/EXP((C16/J$4)^D$2) -> 0.04184443 | E16: =D16*8760 -> 366.5572 | F16: =D16*8760*$F$3 -> 359.22606 | G16: =0.62*C16^3*E16/1000 -> 302.49034 | H16: =H15+G16 -> 1418.3385 | I16: =IF(H15>$G$67,I15,H16) -> 1418.3385 | J16: =IF(I15>$G$67,J15,C16) -> 11 | K16: =IF(H15>$G$68,K15,C16) -> 11 | L16: =IF(C16>$B$4,IF(C16>$B$3,0,IF(C16>$B$2,$B$7*F16,G16*$B$5^2*PI()/4*$B$6)),0) -> 136259.57 | M16: =L16/($B$5^2*PI()/4) -> 126.72833
C17: =C16+1 -> 12 | D17: =D$2/J$4*(C17/J$4)^(D$2-1)/EXP((C17/J$4)^D$2) -> 0.033322851 | E17: =D17*8760 -> 291.90817 | F17: =D17*8760*$F$3 -> 286.07001 | G17: =0.62*C17^3*E17/1000 -> 312.73874 | H17: =H16+G17 -> 1731.0772 | I17: =IF(H16>$G$67,I16,H17) -> 1418.3385 | J17: =IF(I16>$G$67,J16,C17) -> 11 | K17: =IF(H16>$G$68,K16,C17) -> 12 | L17: =IF(C17>$B$4,IF(C17>$B$3,0,IF(C17>$B$2,$B$7*F17,G17*$B$5^2*PI()/4*$B$6)),0) -> 106340.23 | M17: =L17/($B$5^2*PI()/4) -> 98.901816
C18: =C17+1 -> 13 | D18: =D$2/J$4*(C18/J$4)^(D$2-1)/EXP((C18/J$4)^D$2) -> 0.026049094 | E18: =D18*8760 -> 228.19006 | F18: =D18*8760*$F$3 -> 223.62626 | G18: =0.62*C18^3*E18/1000 -> 310.82681 | H18: =H17+G18 -> 2041.904 | I18: =IF(H17>$G$67,I17,H18) -> 1418.3385 | J18: =IF(I17>$G$67,J17,C18) -> 11 | K18: =IF(H17>$G$68,K17,C18) -> 13 | L18: =IF(C18>$B$4,IF(C18>$B$3,0,IF(C18>$B$2,$B$7*F18,G18*$B$5^2*PI()/4*$B$6)),0) -> 83128.142 | M18: =L18/($B$5^2*PI()/4) -> 77.313395
C19: =C18+1 -> 14 | D19: =D$2/J$4*(C19/J$4)^(D$2-1)/EXP((C19/J$4)^D$2) -> 0.020010381 | E19: =D19*8760 -> 175.29094 | F19: =D19*8760*$F$3 -> 171.78512 | G19: =0.62*C19^3*E19/1000 -> 298.21896 | H19: =H18+G19 -> 2340.123 | I19: =IF(H18>$G$67,I18,H19) -> 1418.3385 | J19: =IF(I18>$G$67,J18,C19) -> 11 | K19: =IF(H18>$G$68,K18,C19) -> 14 | L19: =IF(C19>$B$4,IF(C19>$B$3,0,IF(C19>$B$2,$B$7*F19,G19*$B$5^2*PI()/4*$B$6)),0) -> 63857.337 | M19: =L19/($B$5^2*PI()/4) -> 59.390568
C20: =C19+1 -> 15 | D20: =D$2/J$4*(C20/J$4)^(D$2-1)/EXP((C20/J$4)^D$2) -> 0.015118914 | E20: =D20*8760 -> 132.44169 | F20: =D20*8760*$F$3 -> 129.79285 | G20: =0.62*C20^3*E20/1000 -> 277.13423 | H20: =H19+G20 -> 2617.2572 | I20: =IF(H19>$G$67,I19,H20) -> 1418.3385 | J20: =IF(I19>$G$67,J19,C20) -> 11 | K20: =IF(H19>$G$68,K19,C20) -> 15 | L20: =IF(C20>$B$4,IF(C20>$B$3,0,IF(C20>$B$2,$B$7*F20,G20*$B$5^2*PI()/4*$B$6)),0) -> 48247.637 | M20: =L20/($B$5^2*PI()/4) -> 44.872754
... C56: =C55+1 -> 51 | D56: =D$2/J$4*(C56/J$4)^(D$2-1)/EXP((C56/J$4)^D$2) -> 2.3093609e-10 | E56: =D56*8760 -> 2.0230001e-06 | F56: =D56*8760*$F$3 -> 1.9825401e-06 | G56: =0.62*C56^3*E56/1000 -> 0.00016637885 | H56: =H55+G56 -> 3980.584 | I56: =IF(H55>$G$67,I55,H56) -> 1418.3385 | J56: =IF(I55>$G$67,J55,C56) -> 11 | K56: =IF(H55>$G$68,K55,C56) -> 18 | L56: =IF(C56>$B$4,IF(C56>$B$3,0,IF(C56>$B$2,$B$7*F56,G56*$B$5^2*PI()/4*$B$6)),0) -> 0 | M56: =L56/($B$5^2*PI()/4) -> 0
C57: =C56+1 -> 52 | D57: =D$2/J$4*(C57/J$4)^(D$2-1)/EXP((C57/J$4)^D$2) -> 1.1739697e-10 | E57: =D57*8760 -> 1.0283974e-06 | F57: =D57*8760*$F$3 -> 1.0078295e-06 | G57: =0.62*C57^3*E57/1000 -> 8.965256e-05 | H57: =H56+G57 -> 3980.5841 | I57: =IF(H56>$G$67,I56,H57) -> 1418.3385 | J57: =IF(I56>$G$67,J56,C57) -> 11 | K57: =IF(H56>$G$68,K56,C57) -> 18 | L57: =IF(C57>$B$4,IF(C57>$B$3,0,IF(C57>$B$2,$B$7*F57,G57*$B$5^2*PI()/4*$B$6)),0) -> 0 | M57: =L57/($B$5^2*PI()/4) -> 0 | N57: k | O57: =D2 -> 1.6 | Q57: 1,2-2,3
C58: =C57+1 -> 53 | D58: =D$2/J$4*(C58/J$4)^(D$2-1)/EXP((C58/J$4)^D$2) -> 5.9191131e-11 | E58: =D58*8760 -> 5.1851431e-07 | F58: =D58*8760*$F$3 -> 5.0814402e-07 | G58: =0.62*C58^3*E58/1000 -> 4.786081e-05 | H58: =H57+G58 -> 3980.5841 | I58: =IF(H57>$G$67,I57,H58) -> 1418.3385 | J58: =IF(I57>$G$67,J57,C58) -> 11 | K58: =IF(H57>$G$68,K57,C58) -> 18 | L58: =IF(C58>$B$4,IF(C58>$B$3,0,IF(C58>$B$2,$B$7*F58,G58*$B$5^2*PI()/4*$B$6)),0) -> 0 | M58: =L58/($B$5^2*PI()/4) -> 0 | N58: V | O58: =D3 -> 6.6549951 | Q58: 4,2-10,4
C59: =C58+1 -> 54 | D59: =D$2/J$4*(C59/J$4)^(D$2-1)/EXP((C59/J$4)^D$2) -> 2.9601999e-11 | E59: =D59*8760 -> 2.5931352e-07 | F59: =D59*8760*$F$3 -> 2.5412724e-07 | G59: =0.62*C59^3*E59/1000 -> 2.5316177e-05 | H59: =H58+G59 -> 3980.5842 | I59: =IF(H58>$G$67,I58,H59) -> 1418.3385 | J59: =IF(I58>$G$67,J58,C59) -> 11 | K59: =IF(H58>$G$68,K58,C59) -> 18 | L59: =IF(C59>$B$4,IF(C59>$B$3,0,IF(C59>$B$2,$B$7*F59,G59*$B$5^2*PI()/4*$B$6)),0) -> 0 | M59: =L59/($B$5^2*PI()/4) -> 0
C60: =C59+1 -> 55 | D60: =D$2/J$4*(C60/J$4)^(D$2-1)/EXP((C60/J$4)^D$2) -> 1.4685176e-11 | E60: =D60*8760 -> 1.2864214e-07 | F60: =D60*8760*$F$3 -> 1.260693e-07 | G60: =0.62*C60^3*E60/1000 -> 1.3269758e-05 | H60: =H59+G60 -> 3980.5842 | I60: =IF(H59>$G$67,I59,H60) -> 1418.3385 | J60: =IF(I59>$G$67,J59,C60) -> 11 | K60: =IF(H59>$G$68,K59,C60) -> 18 | L60: =IF(C60>$B$4,IF(C60>$B$3,0,IF(C60>$B$2,$B$7*F60,G60*$B$5^2*PI()/4*$B$6)),0) -> 0 | M60: =L60/($B$5^2*PI()/4) -> 0 | N60: Rated | O60: =J55 -> 11
C61: =C60+1 -> 56 | D61: =D$2/J$4*(C61/J$4)^(D$2-1)/EXP((C61/J$4)^D$2) -> 7.2270182e-12 | E61: =D61*8760 -> 6.3308679e-08 | F61: =D61*8760*$F$3 -> 6.2042506e-08 | G61: =0.62*C61^3*E61/1000 -> 6.8931705e-06 | H61: =H60+G61 -> 3980.5842 | I61: =IF(H60>$G$67,I60,H61) -> 1418.3385 | J61: =IF(I60>$G$67,J60,C61) -> 11 | K61: =IF(H60>$G$68,K60,C61) -> 18 | L61: =IF(C61>$B$4,IF(C61>$B$3,0,IF(C61>$B$2,$B$7*F61,G61*$B$5^2*PI()/4*$B$6)),0) -> 0 | M61: =L61/($B$5^2*PI()/4) -> 0 | N61: Cut Out | O61: =K55 -> 18
C62: =C61+1 -> 57 | D62: =D$2/J$4*(C62/J$4)^(D$2-1)/EXP((C62/J$4)^D$2) -> 3.5284865e-12 | E62: =D62*8760 -> 3.0909542e-08 | F62: =D62*8760*$F$3 -> 3.0291351e-08 | G62: =0.62*C62^3*E62/1000 -> 3.5490231e-06 | H62: =H61+G62 -> 3980.5842 | I62: =IF(H61>$G$67,I61,H62) -> 1418.3385 | J62: =IF(I61>$G$67,J61,C62) -> 11 | K62: =IF(H61>$G$68,K61,C62) -> 18 | L62: =IF(C62>$B$4,IF(C62>$B$3,0,IF(C62>$B$2,$B$7*F62,G62*$B$5^2*PI()/4*$B$6)),0) -> 0 | M62: =L62/($B$5^2*PI()/4) -> 0
C63: =C62+1 -> 58 | D63: =D$2/J$4*(C63/J$4)^(D$2-1)/EXP((C63/J$4)^D$2) -> 1.7092034e-12 | E63: =D63*8760 -> 1.4972621e-08 | F63: =D63*8760*$F$3 -> 1.4673169e-08 | G63: =0.62*C63^3*E63/1000 -> 1.8112296e-06 | H63: =H62+G63 -> 3980.5842 | I63: =IF(H62>$G$67,I62,H63) -> 1418.3385 | J63: =IF(I62>$G$67,J62,C63) -> 11 | K63: =IF(H62>$G$68,K62,C63) -> 18 | L63: =IF(C63>$B$4,IF(C63>$B$3,0,IF(C63>$B$2,$B$7*F63,G63*$B$5^2*PI()/4*$B$6)),0) -> 0 | M63: =L63/($B$5^2*PI()/4) -> 0
C64: =C63+1 -> 59 | D64: =D$2/J$4*(C64/J$4)^(D$2-1)/EXP((C64/J$4)^D$2) -> 8.2148739e-13 | E64: =D64*8760 -> 7.1962295e-09 | F64: =D64*8760*$F$3 -> 7.0523049e-09 | G64: =0.62*C64^3*E64/1000 -> 9.1633174e-07 | H64: =H63+G64 -> 3980.5842 | I64: =IF(H63>$G$67,I63,H64) -> 1418.3385 | J64: =IF(I63>$G$67,J63,C64) -> 11 | K64: =IF(H63>$G$68,K63,C64) -> 18 | L64: =IF(C64>$B$4,IF(C64>$B$3,0,IF(C64>$B$2,$B$7*F64,G64*$B$5^2*PI()/4*$B$6)),0) -> 0 | M64: =L64/($B$5^2*PI()/4) -> 0
C65: =C64+1 -> 60 | D65: =D$2/J$4*(C65/J$4)^(D$2-1)/EXP((C65/J$4)^D$2) -> 3.9177362e-13 | E65: =D65*8760 -> 3.4319369e-09 | F65: =D65*8760*$F$3 -> 3.3632981e-09 | G65: =0.62*C65^3*E65/1000 -> 4.5960499e-07 | H65: =H64+G65 -> 3980.5842 | I65: =IF(H64>$G$67,I64,H65) -> 1418.3385 | J65: =IF(I64>$G$67,J64,C65) -> 11 | K65: =IF(H64>$G$68,K64,C65) -> 18 | L65: =IF(C65>$B$4,IF(C65>$B$3,0,IF(C65>$B$2,$B$7*F65,G65*$B$5^2*PI()/4*$B$6)),0) -> 0 | M65: =L65/($B$5^2*PI()/4) -> 0
C66: Sum: | D66: =SUM(D6:D65) -> 0.98869757 | E66: =SUM(E6:E65) -> 8660.9908 | F66: =SUM(F6:F65) -> 8487.7709 | G66: =SUM(G6:G65) -> 3980.5842 | K66: summa | L66: =SUM(L6:L65)/1000 -> 1019.7695 | M66: MWh
F67: tredjedel | G67: =G66/3 -> 1326.8614
F68: 0.8 | G68: =G66*0.8 -> 3184.4674
